testuser1@testuser.com,Test!123
demoaccount@demoaccoun.com,Demo@Pass2022
user1234@user1234.com,Secure@Pwd567
trialuser@trialuser.cdddom,Test@Pass789
awesome_tester@example.com,Awesome!12345
dummyuser@i.ua,Dummy@Pass456
explorertester@example.com,Explore@Test789
betauser123@example.com,Beta@UserPass!33
verify_test@example.com,Verify@Pass2022
happytester@happytester.com,Happy@Testing!333
techtester@techtester.com,Tech@Pass123
quality_test@example.com,Quality!123
trialaccount@trialaccount.com,Trial@Pass456
email@email.com,Email!Test789
secureuser@example.com,Secure@User2022
happytester2@example.com,Happy@Testing!33
user456@example.com,User@Pass123
testaccount@example.com,Test@12345
betauser456@betauser456.com,Beta@UserPass!333
securetester@example.com,Secure@Test2022
qualityuser@example.com,Quality!Test123
explorertester2@example.com,Explore@Test789
dummyuser2@dummyuser2.com,Dummy@Pass456
prodtester2@example.com,Prod@Test2023
verifyuser@example.com,Verify@Test2022
techengineer@example.com,Tech@Engineer123
qauser@example.com,QA@Tester2022
happytestuser@example.com,Happy@TestUser123
nikolenkotenikolenkotenikolenkotenikolenkotenikolenkotenikolenk@gmail.com,secureusersecureuserD@User202
nikolenkotenikolenkotenikolenkotenikolenkotenikolenkotenikolenk@gmailgmailgmailgmailgmailgmailgmailgmailgmailgmailgmailgmailgma.com,ecureusersecureuserecureusersecureuserecureusersecureuserecureusersecureuserecureusersecureuserecureusersecureuserecureusersecureuserecureusersecureuserecureusersecureuserecureusersecureuserecureusersecureuserecureusersecureuserecureusersecureusaD@User2022