John,Doe,johndoe@example.com,4934567894,Test!123
Jane,Smith,janesmith@example.com,9876545321,Demo@Pass2022
Alice,Johnson,alicejohnson@example.com,4556789012,Secure@Pwd567
Bob,Miller,bobmiller@example.com,7890123545,Test@Pass789
Nikolay,Kotenko,nikolenkotenikolenkotenikolenkotenikolenkotenikolenkotenikolenk@gmail.com,4567894012,secureusersecureuserD@User202
Gmail,Kotenko,nikolenkotenikolenkotenikolenkotenikolenkotenikolenkotenikolenk@gmailgmailgmailgmailgmailgmailgmailgmailgmailgmailgmailgmailgma.com,3210948765,ecureusersecureuserecureusersecureuserecureusersecureuserecureusersecureuserecureusersecureuserecureusersecureuserecureusersecureuserecureusersecureuserecureusersecureuserecureusersecureuserecureusersecureusaD@User2022